,분식,일식&돈까스,족발&보쌈,중국집,치킨,피자&양식,한식
매운국물떡볶이밀방떡-홍대입구점,1,0,0,0,0,0,0
가이오돈까스&국수,1,1,0,0,0,0,1
홍대마늘떡볶이-홍마떡본점,1,0,0,0,0,0,0
한입타코야끼,1,0,0,0,0,0,0
걸작떡볶이치킨-서울합정점,1,0,0,0,1,0,0
떡깨비-명지대점,1,0,0,0,0,0,0
테라김밥-홍대점,1,1,0,0,0,0,1
떡볶이도맛있는치킨플러스-성산점,1,0,0,0,0,0,0
킹케밥,1,0,0,0,0,0,0
왕초떡볶이,1,0,0,0,0,0,1
마포만두-망원점,1,0,0,0,0,0,1
김준현의눈치떡-신촌점,1,0,0,0,0,0,0
소소떡볶이-서교점,1,0,0,0,0,0,0
걸작떡볶이치킨-서울신촌점,1,0,0,0,1,0,0
채선당도시락&샐러드-상암DMC점,1,0,0,0,0,0,1
써니쌘드,1,0,0,0,0,0,0
용우동-성산점,1,1,0,0,0,0,0
혜화동떡볶이극장-서울성산점,1,0,0,0,0,0,0
봉구스밥버거-신수점,1,0,0,0,0,0,1
동대문신야채곱창-마포점,1,0,0,0,0,0,1
소고산제일루Express,1,0,0,1,0,0,0
걸작떡볶이치킨-서울광흥창점,1,0,0,0,1,0,0
릴리펏합정-메세나폴리스점,1,0,0,0,0,1,0
골드킹365,1,0,0,0,1,0,0
복정동떡볶이-북가좌DMC점,1,0,0,0,0,0,0
신참떡볶이-연희연남점,1,0,0,0,0,0,0
어린양꼬치-마포점,1,0,0,1,0,0,0
배떡-망원점,1,0,0,0,0,0,0
김밥천국-망원점,1,0,0,0,0,0,1
홍푸드1인분&갈비찜,1,1,0,0,0,0,1
배떡-홍대점,1,0,0,0,0,0,0
할머니가래떡볶이-홍대점,1,0,0,0,0,0,0
마라향기-마포점,1,0,0,1,0,0,0
빨간모자김밥,1,0,0,0,0,0,0
운남덮밥&마라탕-홍대서교본점,1,0,0,1,0,0,1
아메리칸푸드하우스,1,0,0,0,0,1,0
다미만두-망원점,1,0,0,0,0,0,1
옥토끼떡볶이-상암점,1,0,0,0,0,0,0
김가네-성산점,1,0,0,0,0,0,1
ASAPPIZZA-홍대점,1,0,0,0,0,1,0
유자유김치떡볶이-신촌점,1,0,0,0,0,0,0
마장동곱떡,1,0,0,0,0,0,0
땅스떡볶이-망원월드컵시장점,1,0,0,0,0,0,0
마장동차돌떡볶이,1,0,0,0,0,0,0
떡볶이도맛있는치킨플러스-서교점,1,0,0,0,0,0,0
피치떡-마포점,1,0,0,0,1,1,1
떡만치,1,0,0,0,1,0,0
용쓰떡꽃로제떡볶이,1,0,0,0,0,0,1
대륙포차-마포점,1,0,0,1,0,0,0
뉴스보이버거펍,1,0,0,0,0,1,0
망원동즉석떡볶이-본점,1,0,0,0,0,0,0
베트남쌀국수미스사이공-신촌역점,1,0,0,0,0,0,1
토마토도시락-홍대상수점,1,0,0,0,0,0,0
쏭떡,1,0,0,0,0,0,0
감미분식-연남점,1,1,0,0,0,0,1
청담곱떡-홍대점,1,0,0,0,0,0,0
한신떡볶이-마포점,1,0,0,0,1,0,0
JohnHouse,1,0,0,1,0,0,1
독도얼큰이-마포본점,1,0,0,0,0,0,1
골뱅이닭컴-본점,1,1,0,0,1,0,1
최가네크레이지떡볶이-홍대점,1,0,0,0,0,0,0
동대문엽기떡볶이-광흥창점,1,0,0,0,0,0,0
고돼지-신촌점,1,0,0,0,0,0,0
제육대가-마포구청점,1,0,0,0,0,0,1
옆집떡볶이-홍대1호점,1,0,0,0,1,0,0
철인7호치킨-홍대점,1,0,0,0,1,0,0
떡군이네떡볶이-서대문점,1,0,0,0,0,0,1
한촌설렁탕&도가니탕-망원역점,1,0,0,0,0,0,0
홍카츠-수제돈가츠전문점,1,1,0,0,0,0,0
88전복죽,1,1,0,0,0,0,1
동대문엽기떡볶이-신촌점,1,0,0,0,0,0,0
교동국수냉면해장국,1,0,1,0,0,0,0
금다래회관,1,0,0,0,1,0,0
신가네빨간집뼈해장국,1,0,0,0,0,0,1
프리미엄수제버거전문점,1,0,0,0,0,1,0
신불떡볶이-홍대점,1,0,0,0,0,0,0
장미로타리크럽,1,1,1,0,0,0,0
혼밥남녀-마포직영점,1,1,0,0,0,0,1
얌샘김밥-합정역점,1,0,0,0,0,0,0
더바삭한-삭3호점,1,0,0,0,0,0,0
전주참맛자랑,1,1,0,0,0,0,1
형제만두,1,0,0,1,0,0,0
연희닭강정,1,0,0,0,1,0,1
달토끼의떡볶이흡입구역-신촌점,1,0,0,1,0,1,0
인도음식포탈라-홍대점,1,0,0,0,1,0,0
카츠하루-홍대점,1,1,0,0,0,0,0
연예인도시락청년컵밥-홍대점,1,0,0,0,0,0,1
홍푸드&갈비찜&냉면,1,1,0,0,0,1,1
잉치킨-신촌점,1,0,0,0,1,0,0
불타는형제들연탄불고기,1,0,0,0,0,0,0
우리할매떡볶이-연남점,1,0,0,0,0,0,0
청년다방-망원점,1,0,0,0,0,0,0
통불-명지대점,1,0,0,0,1,0,0
통불떡볶이-명지대점,1,0,0,0,0,0,1
이대중독,1,0,0,0,0,0,0
삼첩분식-서울홍대점,1,0,0,0,0,0,0
,1,0,0,0,0,0,0
자매떡볶이-연남점,1,0,0,0,0,0,0
베트남쌀국수리얼하노이-홍대점,1,0,0,0,0,0,0
청담동마녀김밥-상암직영점,1,0,0,0,0,0,0
비가오면생면우동전문-상암점,1,1,0,0,0,0,1
툭툭누들타이,1,0,0,0,0,0,1
유가네닭갈비-홍대2호점,1,0,0,0,0,0,0
서촌먹태-마포점,1,0,0,0,0,0,1
청춘닭꼬치-서교점,1,0,0,0,0,0,0
청년다방-홍대점,1,0,0,0,0,0,0
돈까스대왕전-홍대점,1,1,0,0,0,0,0
아빠맘치킨-마포점,1,0,0,0,1,1,0
팔도돼지곱창-합정점,1,0,0,0,0,0,0
호차,1,0,0,1,1,0,1
사러가닭강정-연희점,1,0,0,0,1,0,1
동경닭강정-본점,1,0,0,0,1,0,0
북촌손만두-홍익대점,1,0,0,0,0,0,1
돼지게티-홍대점,1,0,0,0,0,0,0
아빠짜글이-본점,1,0,0,0,0,0,1
앙떡로제떡볶이-홍대점,1,0,0,0,0,0,0
돈코보쌈-본점,1,0,1,0,0,0,1
두남자의볶음밥＆포슈아베트남쌀국수,1,0,0,0,0,0,1
을찌로국물떡볶이-망원점,1,0,0,0,0,0,0
볶찜-북가좌DMC점,1,0,0,0,0,0,1
돈떡-서교점,1,1,0,0,0,0,1
쏘크라테스떡볶이-마포쏘크라테스점,1,0,0,0,0,0,0
배떡-북가좌점,1,0,0,0,0,0,0
레전드고기한상-마포점,1,0,0,0,0,0,0
무꼬뭐꼬-신촌점,1,0,0,0,0,0,0
떡대떡볶이,1,0,0,0,0,0,0
호텔식당,1,1,0,0,0,0,0
떡군이네떡볶이-홍대신촌점,1,0,0,0,0,0,1
인정국물떡볶이-북가좌점,1,0,0,0,0,0,0
스쿨푸드-딜리버리연희점,1,1,0,0,0,0,0
소이연남-본점,1,0,0,0,0,1,0
런뽀끼-당산점,1,0,0,0,0,0,0
떡볶이도맛있는치킨플러스-신수점,1,0,0,0,0,0,0
신촌떡볶킹,1,0,0,0,0,0,1
마신떡볶이-신촌점,1,0,0,0,0,0,1
치킨을사랑한떡볶이-이대점,1,0,0,0,1,0,0
쿠벤일식도시락,1,1,0,0,0,1,0
빅마마찬&떡볶이-공덕점,1,0,0,0,0,0,1
비비빔,0,1,0,0,0,0,0
"연어,육회먹기좋은날",0,1,0,0,0,0,0
섬이자카야,0,1,0,0,0,0,0
현이네회시장,0,1,0,0,0,0,0
라멘쿠르메,0,1,0,0,0,0,0
카쿠시타,0,1,0,0,0,0,0
착한밥도둑간장게장,0,1,0,0,0,0,1
하루엔소쿠-마포중앙도서관점,0,1,0,0,0,0,0
매일스시고등어활어회,0,1,0,0,0,0,0
마포구회맛집,0,1,0,0,0,0,1
만리수산-연희점,0,1,0,0,0,0,1
우리바다수산-성산점,0,1,0,0,0,0,0
오물오물-연남점,0,1,0,0,0,1,0
The청춘키친-은평점,0,1,0,0,0,0,0
스시앤-마포점,0,1,0,0,0,0,0
바다나라1박2일포차,0,1,0,0,0,0,0
산오징어양푼무침,0,1,0,0,0,0,0
청춘수제돈까스-성산점,0,1,0,0,0,0,0
버켓크랩,0,1,0,0,0,0,0
싱싱참치,0,1,0,0,0,0,0
탐나종합어시장-망원역점,0,1,0,0,0,0,0
야미가-홍대점,0,1,0,0,0,0,1
이쿠라멘&돈카츠-홍대점,0,1,0,0,0,0,0
만원이하이불덮밥&규동,0,1,0,0,0,0,1
밥도둑들,0,1,0,0,0,0,0
아름다운밤연어육회-마포점,0,1,0,0,0,0,0
불타는돈까스-망원점,0,1,0,0,0,0,0
서노스시,0,1,0,0,0,0,1
김판석초밥,0,1,0,0,0,0,0
이자카야&스시공감,0,1,0,0,0,0,0
최고당돈가스-망원점,0,1,0,0,0,0,0
토끼정,0,1,0,0,0,0,1
이불덮밥-상암DMC점,0,1,0,0,0,0,0
밥은먹었어,0,1,0,0,0,0,1
망원돈까스,0,1,0,0,0,0,0
혜화동돈까스극장-서울성산점,0,1,0,0,0,0,0
벚꽃스시-본점,0,1,0,0,0,0,0
참치의명가&야식포차,0,1,0,0,0,0,0
제주회집,0,1,0,0,0,0,0
승진참치,0,1,0,0,0,0,0
회뜨는총각-연남점,0,1,0,0,0,0,0
스시노하나,0,1,0,0,0,0,0
강릉어시장회,0,1,0,0,0,0,0
홍대수카츠,0,1,0,0,0,0,0
미요초밥전문점,0,1,0,0,0,0,0
해신포차,0,1,0,0,0,0,0
돈까스와카츠돈,0,1,0,0,0,0,0
연희동와쇼쿠,0,1,0,0,0,0,0
홍대타코야,0,1,0,0,0,0,0
정성이가득찬집밥-이대점,0,1,0,0,0,0,1
이찌방라멘&카츠카레,0,1,0,0,0,0,0
메밀이랑막국수&국밥사랑,0,1,0,0,0,0,0
용머리횟집,0,1,0,0,0,0,0
밀포유-신촌점,0,1,0,0,0,0,0
지중해참치-공덕점,0,1,0,0,0,0,0
육회란연어다-홍대서교점,0,1,0,0,0,0,0
신촌카츠미,0,1,0,0,0,0,0
키움초밥,0,1,0,0,0,0,0
육회바른연어-홍대점,0,1,0,0,0,0,0
솔로테이블-상암점,0,1,0,0,0,0,0
산이네찜탕,0,1,0,0,0,0,0
수상한키친,0,1,0,0,0,0,0
바다애회-홍대본점,0,1,0,0,0,0,0
노량진수산시장벌교아줌마,0,1,0,0,0,0,0
스시준,0,1,0,0,0,0,0
올바른스시-홍대직영점,0,1,0,0,0,0,0
하카타호르몬,0,1,0,0,0,1,0
미스터빠삭-서강대점,0,1,0,0,0,0,0
보스참치-홍대점,0,1,0,0,0,0,0
은행골-홍대역점,0,1,0,0,0,0,0
육회왕자&연어공주,0,1,0,0,0,0,0
엄마네집밥도시락-마포점,0,1,0,0,0,0,0
회대장산지직송숙성활어전문점,0,1,0,0,0,0,0
오봉도시락-상암점,0,1,0,0,0,0,1
골목대장-본점,0,1,0,0,0,0,0
전상국의30년물회,0,1,0,0,0,0,1
타코야끼in문어-서대문구점,0,1,0,0,0,0,0
남바완돈카츠-신촌점,0,1,0,0,0,0,0
세꼬시곳간,0,1,0,0,0,0,0
노량진수산시장삼천포수산,0,1,0,0,0,0,0
감성카츠,0,1,0,0,0,0,0
초밥에미친남자-홍대점,0,1,0,0,0,0,1
힐링스시-본점,0,1,0,0,0,0,1
노량진수산시장순천만상회,0,1,0,0,0,0,0
산이네회무침,0,1,0,0,0,0,0
건강한이불덮밥&장어규동,0,1,0,0,0,0,1
김기엽초밥좋은날-홍대점,0,1,0,0,0,0,0
스시노칸도-홍대점,0,1,0,0,0,0,0
참치의신,0,1,0,0,0,0,0
사우나멘동-상암점,0,1,0,0,0,0,0
신촌돈부리모노-본점,0,1,0,0,0,0,0
국제수산-노량진점,0,1,0,0,0,0,0
마제하루마제소바전문점,0,1,0,0,0,0,0
돈까스하우스-망원점,0,1,0,0,0,0,0
스케브루,0,1,0,0,0,0,0
소문난간이횟집,0,1,0,0,0,0,0
한옥집김치찜-망원점,0,1,0,0,0,0,0
노량진수산시장-여수153수산,0,1,0,0,0,0,0
고유식탁수제함박,0,1,0,0,0,1,0
망원동활어회,0,1,0,0,0,0,1
무국적식탁-홍대점,0,1,0,0,0,0,0
홍대미남보쌈족발-서교점,0,0,1,0,0,0,0
연남족발1987,0,0,1,0,0,0,0
멜브라운-마포점,0,0,1,0,0,0,0
홍대자연보쌈세트,0,0,1,0,1,0,0
가장맛있는족발-상암디지털역점,0,0,1,0,0,0,0
1인할매보쌈족발-월곡점,0,0,1,0,0,0,0
백정&황가네곱창,0,0,1,0,0,0,0
호세야오리바베큐-응암점,0,0,1,0,0,0,0
제주에서온족발-상암점,0,0,1,0,0,0,0
원할머니보쌈-홍대역점,0,0,1,0,0,0,0
대족장,0,0,1,0,0,0,0
호세야오리바베큐-은평점,0,0,1,0,0,0,0
진미오향왕족발,0,0,1,0,0,0,0
형제야식,0,0,1,0,0,0,0
족발야시장-신촌점,0,0,1,0,0,0,0
대만족-합정역점,0,0,1,0,0,0,0
더정원보쌈족발,0,0,1,0,0,0,0
무월식탁-홍대점,0,0,1,0,0,0,1
떡볶이주는이공족발,0,0,1,0,0,0,0
대한족발보쌈-합정본점,0,0,1,0,0,0,0
굴마을낙지촌-마포구청점,0,0,1,0,0,0,0
미스터보쌈족발-망원점,0,0,1,0,0,0,0
잭아저씨족발앤보쌈-홍대점,0,0,1,0,0,0,0
망원꽃돼지-망원본점,0,0,1,0,0,0,0
족발전문고려왕족발,0,0,1,0,0,0,0
누들보쌈배달만족-홍대점,0,0,1,0,0,0,0
양파족발,0,0,1,0,0,0,0
하늘호수보쌈족발-합정망원점,0,0,1,0,0,0,0
호세야오리바베큐-합정점,0,0,1,0,0,0,0
원할머니보쌈-망원점,0,0,1,0,0,0,0
구름산추어탕&연잎보쌈-상암점,0,0,1,0,0,0,1
싸움의고수-홍대입구역점,0,0,1,0,0,0,1
매일삶는족발-서교점,0,0,1,0,0,0,0
원할머니보쌈-상암배달점,0,0,1,0,0,0,0
신룽푸마라탕&꿔바로우-상암점,0,0,0,1,0,1,0
용심마라탕&마라치킨,0,0,0,1,1,0,0
탄탄면공방-홍대본점,0,0,0,1,0,0,1
란콰이진,0,0,0,1,0,0,1
하오하오-마포점,0,0,0,1,0,0,0
안동장,0,0,0,1,0,0,0
천년각-마포점,0,0,0,1,0,0,0
5959양꼬치&마라탕,0,0,0,1,0,0,0
24시 진짜루,0,0,0,1,0,0,0
충칭호모두마라탕&마라샹궈,0,0,0,1,0,0,0
도원.,0,0,0,1,0,0,0
대성식당-합정점,0,0,0,1,0,0,1
왕장,0,0,0,1,0,0,0
소림마라탕-마포점,0,0,0,1,0,0,0
향미각,0,0,0,1,0,0,0
라향각마라탕-서교점,0,0,0,1,0,0,0
안심찹쌀로탕쓱잘튀기는집-망원점,0,0,0,1,0,0,0
탕화쿵푸마라탕-홍대입구7호점,0,0,0,1,0,0,0
신선마라탕-홍대점,0,0,0,1,0,0,0
1인용마라탕-서울수색점,0,0,0,1,0,0,0
리얼안심&찹쌀탕수육-홍대점,0,0,0,1,0,0,0
타이완웨이,0,0,0,1,0,0,0
홍리마라탕,0,0,0,1,0,0,0
반이학생마라탕마라반-홍대점,0,0,0,1,0,0,0
하얼빈덮밥,0,0,0,1,0,0,1
손오공마라탕-서교점,0,0,0,1,0,0,0
설경-마포점,0,0,0,1,0,0,0
신룽푸마라탕-상암점,0,0,0,1,0,0,0
마포마라탕-상암점,0,0,0,1,0,0,0
동평원(합정동),0,0,0,1,0,0,0
청운24시,0,0,0,1,0,0,0
차이니즈정원각,0,0,0,1,0,0,0
백년당마라탕,0,0,0,1,0,0,0
하이디라오-홍대지점,0,0,0,1,0,0,0
서두산딤섬만두-홍대점,0,0,0,1,0,0,0
라사천마라탕-은평점,0,0,0,1,0,0,0
콰이찬-홍대점,0,0,0,1,0,0,0
호탕마라탕,0,0,0,1,0,0,0
홍콩반점-합정점,0,0,0,1,0,0,0
천리향양꼬치-연남점,0,0,0,1,0,0,1
신룽푸마라탕&마라룽샤-상암점,0,0,0,1,0,0,0
라사천마라탕-동교점,0,0,0,1,0,0,0
마야콩짜장,0,0,0,1,0,0,0
길상식당,0,0,0,1,0,0,0
짜짜루-북가좌점,0,0,0,1,0,0,0
짬뽕선생,0,0,0,1,0,0,0
마라하오-신촌점,0,0,0,1,0,1,0
식공간-연남점,0,0,0,1,0,0,0
라사천마라탕-남가좌점,0,0,0,1,0,0,0
미향각,0,0,0,1,0,0,0
신룽푸마라탕&마라샹궈-상암점,0,0,0,1,0,0,0
탕스타임퓨전탕수육전문,0,0,0,1,0,0,1
니뽕내뽕-홍대점,0,0,0,1,0,0,0
브라더탕수-은평점,0,0,0,1,0,0,0
연천홍,0,0,0,1,0,0,0
삼원사천요리전문점,0,0,0,1,0,0,0
혜화동짬뽕극장-서울성산점,0,0,0,1,0,0,0
딘딘향마라탕-망원역점,0,0,0,1,0,0,0
탕수육주는육군짬뽕-당산점,0,0,0,1,0,0,0
용무있습니까-상암점,0,0,0,1,0,0,0
탕수육주는신의짬뽕,0,0,0,1,0,0,0
꼬치꼬치양꼬치,0,0,0,1,0,0,0
신화루,0,0,0,1,0,0,0
신룽푸마라탕&깐풍새우-상암점,0,0,0,1,0,1,0
마이마이치킨-홍대합정점,0,0,0,0,1,0,0
굽네치킨&피자-망원1동점,0,0,0,0,1,1,0
순살몬스터-신수마을점,0,0,0,0,1,0,0
청년치킨-서교점,0,0,0,0,1,0,0
60계-망원점,0,0,0,0,1,0,0
행복한찜닭-이대본점,0,0,0,0,1,0,0
롯데리아-망원점,0,0,0,0,1,0,0
썬더치킨-망원점,0,0,0,0,1,0,0
순살이맛있는디디치킨-연세대점,0,0,0,0,1,0,0
지코바치킨-홍대점,0,0,0,0,1,0,0
푸라닭-신수점,0,0,0,0,1,0,0
지코바치킨-서울성산1호점,0,0,0,0,1,0,0
명품임실치즈피자-신촌점,0,0,0,0,1,1,0
푸라닭-망원점,0,0,0,0,1,0,0
네네치킨-서교점,0,0,0,0,1,0,0
처갓집양념치킨-신촌점,0,0,0,0,1,0,0
동근이숯불두마리치킨-망원점,0,0,0,0,1,0,0
페리카나-합정동점,0,0,0,0,1,0,0
바른치킨-가재울뉴타운점,0,0,0,0,1,0,0
로타리치킨홍대상회,0,0,0,0,1,0,0
자담치킨-서울홍대점,0,0,0,0,1,0,0
림스치킨,0,0,0,0,1,0,0
곱깨비찜닭-서교점,0,0,0,0,1,0,1
티바두마리치킨-망원점,0,0,0,0,1,0,0
박리아닭강정-본점,0,0,0,0,1,0,0
대왕통닭-상암점,0,0,0,0,1,0,0
치킹맨,0,0,0,0,1,0,0
티바두마리치킨-신수서강대점,0,0,0,0,1,0,0
명품임실치즈피자-마포점,0,0,0,0,1,0,0
굽네치킨&피자-연남점,0,0,0,0,1,1,0
가마치통닭-서울망원역점,0,0,0,0,1,0,0
누구나홀딱반한닭-망원역점,0,0,0,0,1,0,0
치킨더홈-서울이대점,0,0,0,0,1,0,0
치킨뱅이-홍대점,0,0,0,0,1,0,0
굽네치킨&피자-서교점,0,0,0,0,1,0,0
밥스바비핫도그&버거,0,0,0,0,1,1,0
곱깨비직화불닭치킨-홍대입구점,0,0,0,0,1,0,1
노랑통닭-망원점,0,0,0,0,1,0,0
뉴욕비치킨플래터,0,0,0,0,1,0,0
파스타어때-마포신촌본점,0,0,0,0,1,0,0
치킨플러스-서교점,0,0,0,0,1,0,0
청춘국물닭발-홍대점,0,0,0,0,1,0,0
굽네치킨&피자-성산2동점,0,0,0,0,1,1,0
수퍼바이츠-신촌점,0,0,0,0,1,0,0
네네치킨-망원점,0,0,0,0,1,0,0
멕시칸치킨-연남점,0,0,0,0,1,0,0
지코바치킨-상암점,0,0,0,0,1,0,0
상수동치맥,0,0,0,0,1,0,0
아라치-홍대점,0,0,0,0,1,0,0
피자는치즈빨-연희점,0,0,0,0,1,1,0
컬투치킨-합정사랑점,0,0,0,0,1,1,0
퀴즈노스-가재울점,0,0,0,0,1,1,0
피자J,0,0,0,0,1,0,0
멕시카나-망원서교점,0,0,0,0,1,0,0
살로만치킨-연남점,0,0,0,0,1,0,0
KFC-홍익대점(심야),0,0,0,0,1,0,0
자담치킨-서울망원점,0,0,0,0,1,0,0
후라이드참잘하는집-마포점,0,0,0,0,1,0,0
KFC-홍익대점,0,0,0,0,1,0,0
컬투치킨-연남사랑점,0,0,0,0,1,0,0
전국3대치킨오성통닭-마포신촌점,0,0,0,0,1,0,0
숯미남숯불치킨에미친남자,0,0,0,0,1,0,1
처갓집양념치킨-홍대점,0,0,0,0,1,0,0
곱깨비직화삼겹-가좌점,0,0,0,0,1,0,0
닥엔돈스치킨-마포성산점,0,0,0,0,1,0,0
교촌치킨-망원2동점,0,0,0,0,1,0,0
더블플레이치킨-홍대점,0,0,0,0,1,0,0
치요남치킨-마포1호점,0,0,0,0,1,0,0
푸라닭-합정점,0,0,0,0,1,0,0
피자이탈리-상암가좌점,0,0,0,0,1,0,0
처갓집양념치킨-상암점,0,0,0,0,1,0,0
가마로강정-망원점,0,0,0,0,1,0,0
치킨플러스-신수점,0,0,0,0,1,0,0
피자피오,0,0,0,0,1,1,0
신미경홍대닭갈비3,0,0,0,0,1,0,1
곱깨비불맛오돌뼈-동교점,0,0,0,0,1,0,0
컬투치킨-창전사랑점,0,0,0,0,1,0,0
요녀석파스타&필라프-마포점,0,0,0,0,1,0,1
걸작떡볶이치킨-서울상암점,0,0,0,0,1,0,0
가마로강정-상암점,0,0,0,0,1,0,0
통불통닭-명지대점,0,0,0,0,1,0,1
맘스터치-망원역점,0,0,0,0,1,0,0
페리카나-망원동점,0,0,0,0,1,0,0
BHC-망원점,0,0,0,0,1,0,0
가마로강정-광흥창점,0,0,0,0,1,0,0
롯데리아-홈플러스합정점,0,0,0,0,1,0,0
또리치킨,0,0,0,0,1,0,0
치킨플러스-성산점,0,0,0,0,1,0,0
나들목치킨,0,0,0,0,1,0,0
마깐마포깐풍기-신촌본점,0,0,0,0,1,0,0
멕시카나-홍대점,0,0,0,0,1,0,0
레트로켄터키,0,0,0,0,1,0,0
굽네치킨&피자-북가좌1호점,0,0,0,0,1,1,0
처갓집양념치킨-서교점,0,0,0,0,1,0,0
베이직프라이드치킨-망원직영점,0,0,0,0,1,0,0
한걸음치킨불닭발,0,0,0,0,1,0,1
순살만공격-상암가좌점,0,0,0,0,1,0,0
로그인,0,0,0,0,1,0,0
신미불닭발-서울본점,0,0,0,0,1,0,0
곱깨비-연남본점,0,0,0,0,1,0,1
푸라닭-상암점,0,0,0,0,1,0,0
지코바치킨-남가좌점,0,0,0,0,1,0,0
치킨매니아-망원점,0,0,0,0,1,0,0
수준이다른치킨-마포신촌점,0,0,0,0,1,0,0
또래오래-마포망원점,0,0,0,0,1,0,0
BHC-합정역점,0,0,0,0,1,0,0
맥소이(MAGSOY),0,0,0,0,1,0,0
피자나라치킨공주-신촌점,0,0,0,0,1,1,0
치킨매니아-상수역점,0,0,0,0,1,0,0
BBQ-망원점,0,0,0,0,1,0,0
돈치킨-성산가좌점,0,0,0,0,1,0,0
호식이두마리치킨-망원점,0,0,0,0,1,0,0
호식이두마리치킨-성산1호점,0,0,0,0,1,0,0
푸라닭-연희점,0,0,0,0,1,0,0
순살만공격-마포신촌점,0,0,0,0,1,0,0
꽃게나라 간장게장,0,0,0,0,0,1,1
키싸-디저트&눈꽃빙수,0,0,0,0,0,1,0
미스터피자-상암점,0,0,0,0,0,1,0
쿠파스테이크,0,0,0,0,0,1,0
프랭크버거-광흥창점,0,0,0,0,0,1,0
10평파스타&화덕피자,0,0,0,0,0,1,0
파스토보이-마포점,0,0,0,0,0,1,0
네이버후드미국식수제피자,0,0,0,0,0,1,0
NAPALPIZZA&WINE,0,0,0,0,0,1,0
버거라이브,0,0,0,0,0,1,0
피자파는집-홍대점,0,0,0,0,0,1,0
명품임실치즈피자-이대점,0,0,0,0,0,1,0
프레드피자-마포구청점,0,0,0,0,0,1,0
믹스앤매치피자-홍대연남본점,0,0,0,0,0,1,0
돈피자-성산가좌점,0,0,0,0,0,1,0
남자피자&스파게티,0,0,0,0,0,1,0
마냐나멕시코식당-마포점,0,0,0,0,0,1,0
명품임실치즈피자-홍대점,0,0,0,0,0,1,0
풀스트릿,0,0,0,0,0,1,0
피굽남피자-연남점,0,0,0,0,0,1,0
허니빙스&호두사랑,0,0,0,0,0,1,0
서가앤쿡-합정점,0,0,0,0,0,1,0
7번가피자-서교망원점,0,0,0,0,0,1,0
고릴라요정,0,0,0,0,0,1,0
도로시파스타연정-홍대점,0,0,0,0,0,1,0
더플레이스-합정역점,0,0,0,0,0,1,0
"더키친아시아.인도커리,인도요리,인도음식",0,0,0,0,0,1,1
식스티즈버거,0,0,0,0,0,1,0
남자피자-영등포점,0,0,0,0,0,1,0
타이반쩜,0,0,0,0,0,1,0
아그라-합정점,0,0,0,0,0,1,0
빅스타피자-망원서교점,0,0,0,0,0,1,0
아노브피자-연남점,0,0,0,0,0,1,0
써브웨이-상암DMC푸르지오시티점,0,0,0,0,0,1,0
김준현의피자헤븐-신촌점,0,0,0,0,0,1,0
더그리니치,0,0,0,0,0,1,0
NAMJAPIZZA&SPAGHETTI,0,0,0,0,0,1,0
스푼필라프-홍대점,0,0,0,0,0,1,0
커스텀샐러드-연남본점,0,0,0,0,0,1,0
비스트로피자-마포점,0,0,0,0,0,1,0
써브웨이-망원역점,0,0,0,0,0,1,0
애슐리딜리버리-신촌점,0,0,0,0,0,1,0
옐로우피자-연남점,0,0,0,0,0,1,0
서오릉피자-서교점,0,0,0,0,0,1,0
리미니-홍대점,0,0,0,0,0,1,0
애슐리딜리버리-홈뷔페홍대점,0,0,0,0,0,1,0
OK피자시즌2,0,0,0,0,0,1,0
"와인레스토랑,오아시스망원",0,0,0,0,0,1,0
갓피맥-상암점,0,0,0,0,0,1,0
와인&파스타 블랑누아,0,0,0,0,0,1,0
헬로피자,0,0,0,0,0,1,0
킬러피자,0,0,0,0,0,1,0
하노이의아침-연희점,0,0,0,0,0,1,0
뉴욕피자,0,0,0,0,0,1,0
동교삼겹,0,0,0,0,0,0,1
USA존슨부대찌개-수색점,0,0,0,0,0,0,1
상수상회,0,0,0,0,0,0,1
명도찜닭-마포점,0,0,0,0,0,0,1
오지게먹게-서교동점,0,0,0,0,0,0,1
대왕전전문홍대달동네,0,0,0,0,0,0,1
장모님이떴다-홍대점,0,0,0,0,0,0,1
이가네꼬막비빔밥&순살게장비빔밥,0,0,0,0,0,0,1
한촌설렁탕-상암점,0,0,0,0,0,0,1
연남해장국,0,0,0,0,0,0,1
국내산1등고기삼육공,0,0,0,0,0,0,1
미스포쌀국수&월남쌈,0,0,0,0,0,0,1
본래순대-상암MBC점,0,0,0,0,0,0,1
대한아구&해물찜,0,0,0,0,0,0,1
연남동잠깐,0,0,0,0,0,0,1
1인찌개와탕&냉면,0,0,0,0,0,0,1
행복왕갈비,0,0,0,0,0,0,1
죽이요-서울상암점,0,0,0,0,0,0,1
메리킹-본점,0,0,0,0,0,0,1
5인삼겹살곱창,0,0,0,0,0,0,1
정가네석쇠불고기,0,0,0,0,0,0,1
하회안동찜닭-신촌점,0,0,0,0,0,0,1
육회먹는날,0,0,0,0,0,0,1
구삼짜글이-마포점,0,0,0,0,0,0,1
전주현대옥-홍대점,0,0,0,0,0,0,1
쭌곱창,0,0,0,0,0,0,1
진심을담아내다고기장인-서교점,0,0,0,0,0,0,1
삼포가는길-영등포점,0,0,0,0,0,0,1
족보잇는국밥&밀면-홍대직영점,0,0,0,0,0,0,1
백종원의한신포차-홍대점,0,0,0,0,0,0,1
초월양곱창,0,0,0,0,0,0,1
꽃마름-가좌역점,0,0,0,0,0,0,1
쫄면주는삼겹본능by놀부-상암점,0,0,0,0,0,0,1
부성감자탕,0,0,0,0,0,0,1
희야네반찬,0,0,0,0,0,0,1
한끼한죽-마포구점,0,0,0,0,0,0,1
롱쓰부대찌개-영등포점,0,0,0,0,0,0,1
참칼국수진수제비-마포구점,0,0,0,0,0,0,1
연희옥-연희본점,0,0,0,0,0,0,1
도시락집미미,0,0,0,0,0,0,1
홍콩할매불닭발-당산점,0,0,0,0,0,0,1
땅스부대찌개-망원월드컵시장점,0,0,0,0,0,0,1
옥이네김치찌개와직화삼겹-신촌점,0,0,0,0,0,0,1
이가네간장&양념게장,0,0,0,0,0,0,1
야한곱창-홍대점,0,0,0,0,0,0,1
테트리스찜닭-마포점,0,0,0,0,0,0,1
한끼한상-홍대점,0,0,0,0,0,0,1
JH집밥김치찌개,0,0,0,0,0,0,1
전볶탕,0,0,0,0,0,0,1
오이소순대국,0,0,0,0,0,0,1
혼밥대장-마포직영점,0,0,0,0,0,0,1
청진동해장국&감자탕-신촌점,0,0,0,0,0,0,1
마산할매아구찜앤탕-마포본점,0,0,0,0,0,0,1
뿅가닭갈비-서울홍대점,0,0,0,0,0,0,1
미인닭발-망원점,0,0,0,0,0,0,1
삼촌곱창,0,0,0,0,0,0,1
행복한찜닭-DMC점,0,0,0,0,0,0,1
망원시장우이락모둠전&막걸리,0,0,0,0,0,0,1
배달삼겹88식당,0,0,0,0,0,0,1
갈비마마-응암점,0,0,0,0,0,0,1
가분뼈다귀해장국&김치찜-강북점,0,0,0,0,0,0,1
막걸리총각전처녀,0,0,0,0,0,0,1
더평양,0,0,0,0,0,0,1
돈오락쪽갈비-용강점,0,0,0,0,0,0,1
최고남제육명가-북가좌점,0,0,0,0,0,0,1
아부찌부대찌개-망원점,0,0,0,0,0,0,1
황가네철판곱창전골,0,0,0,0,0,0,1
망원식당,0,0,0,0,0,0,1
백채김치찌개-합정점,0,0,0,0,0,0,1
1인용묵은지김치찜-서울수색점,0,0,0,0,0,0,1
1인기사식당,0,0,0,0,0,0,1
몽마르뜨도시락-본점,0,0,0,0,0,0,1
오마니줌LA갈비찜닭-신촌점,0,0,0,0,0,0,1
육회로-상수점,0,0,0,0,0,0,1
명인갈비-연남본점,0,0,0,0,0,0,1
뿅가곱창-홍대점,0,0,0,0,0,0,1
원할머니명품도시락-홍대역점,0,0,0,0,0,0,1
본죽-홍대점,0,0,0,0,0,0,1
서해안할매게장,0,0,0,0,0,0,1
The진한나주곰탕1인용-홍대점,0,0,0,0,0,0,1
동해물과아구찜-마포점,0,0,0,0,0,0,1
국가대표-서대문점,0,0,0,0,0,0,1
본초야채곱창-2호점,0,0,0,0,0,0,1
우리집밥상-강북,0,0,0,0,0,0,1
보글보글찌개나라-마포점,0,0,0,0,0,0,1
한식밥상-홍대점,0,0,0,0,0,0,1
강릉초당골짬뽕순두부-마포점,0,0,0,0,0,0,1
프로육회,0,0,0,0,0,0,1
동궁찜닭-서울서교점,0,0,0,0,0,0,1
백미한식당,0,0,0,0,0,0,1
박용채코다리&삼계탕,0,0,0,0,0,0,1
고기왕창자이언트비빔밥-홍대점,0,0,0,0,0,0,1
한상전통수제갈비찜진품명품-마포신촌점,0,0,0,0,0,0,1
신촌안동찜닭-본점,0,0,0,0,0,0,1
아재부산낙곱새-마포상암점,0,0,0,0,0,0,1
서울찜닭-상암본점,0,0,0,0,0,0,1
이차돌-서울홍대점,0,0,0,0,0,0,1
삼겹펀치-마포본점,0,0,0,0,0,0,1
신촌해물떡찜,0,0,0,0,0,0,1
김된찌브라더스-당산점,0,0,0,0,0,0,1
부가네얼큰이-마포점,0,0,0,0,0,0,1
"김명자당진아구찜,탕그리고코다리조림",0,0,0,0,0,0,1
고봉이네1인분생고기김치찌개,0,0,0,0,0,0,1
망원동수창골,0,0,0,0,0,0,1
럭키갈비찜,0,0,0,0,0,0,1
국선생-상암점,0,0,0,0,0,0,1
왔따쪽갈비-마포점,0,0,0,0,0,0,1
두마리찜닭두찜-홍대입구역점,0,0,0,0,0,0,1
김충기꽃삼겹-마포점,0,0,0,0,0,0,1
1인한솥명가갈비찜-월곡점,0,0,0,0,0,0,1
명태요리전문점김명태-서교점,0,0,0,0,0,0,1
1인살로만강명수아구찜앤탕-마포본점,0,0,0,0,0,0,1
본죽-성산점,0,0,0,0,0,0,1
할매네칡냉면&메밀막국수,0,0,0,0,0,0,1
미스터도시락-망원점,0,0,0,0,0,0,1
홍대화신매운갈비찜,0,0,0,0,0,0,1
이베리코민족,0,0,0,0,0,0,1
디디찜엔닭-연세대점,0,0,0,0,0,0,1
폭풍토핑피자스톰-서대문점,0,0,0,0,0,0,1
강명수묵은지김치찜-마포본점,0,0,0,0,0,0,1
홍스쭈꾸미-홍대본점,0,0,0,0,0,0,1
곱분이곱창-응암DMC점,0,0,0,0,0,0,1
놀부부대찌개-상암1호점,0,0,0,0,0,0,1
열정국밥-서울마포창전동점,0,0,0,0,0,0,1
한남불닭,0,0,0,0,0,0,1
큰맘할매순대국-홍대점,0,0,0,0,0,0,1
"상수,곱도리탕",0,0,0,0,0,0,1
베트남쌀국수퍼사이공-신촌점,0,0,0,0,0,0,1
종로계림닭도리탕원조-상암점,0,0,0,0,0,0,1
